Time,Inertial vN,Inertial vE,Inertial head,Inertial ax,Inertial ay,GNSS vN,GNSS vE
5,15.16956182,14.80747714,0.805398163,1.425213562,-0.009,14.94252717,14.93926212
10,10.34111025,9.716967546,0.805398163,-1.403213562,-0.009,10.11379617,9.877453425
15,15.58398802,-0.125150247,1.590796327,-1.989,-1.009,14.96648697,-0.033097883
20,20.62687913,0.030732027,1.590796327,0.011,-1.009,20.03522402,-0.016040498
25,20.6707702,0.086620967,1.590796327,0.011,-0.009,20.05047511,-0.183104674
30,15.71566124,0.042516574,1.590796327,0.011,0.991,15.08980995,-0.044884773
